a,operator,b,your answer,correct answer,correct?,time taken
8,-,1,9,7,False,2.650937795639038
8,×,7,42,56,False,4.6407647132873535
12,×,7,84,84,True,7.629889965057373
