a,operator,b,your answer,correct answer,time taken
16,+,7,23,23,True,5.021947622299194
5,+,5,10,10,True,1.3400850296020508
11,+,3,14,14,True,3.142029285430908
